Metric,Value
R² Score,0.656088355673045
Mean Squared Error,0.0014983435760055612
Mean Absolute Error,0.030275494271743017
