Metric,Value
R² Score,0.6560883556731889
Mean Squared Error,0.0014983435760049348
Mean Absolute Error,0.030275494271731502
